{
  "version": "1.0.0",
  "registry": [
    {
      "id": "cti-footer",
      "name": "CTI Footer",
      "bundle": "http://localhost:4000/cdn/wc/cti-footer.js",
      "version": "1.0.0",
      "description": "Footer component with modal and hover features",
      "props": [
        {
          "name": "mode",
          "type": "string",
          "default": "hover",
          "options": ["hover", "modal"]
        },
        {
          "name": "buttonText",
          "type": "string",
          "default": "Contact"
        },
        {
          "name": "modalTitle",
          "type": "string",
          "default": "Contact Us"
        },
        {
          "name": "modalBody",
          "type": "string",
          "default": "Get in touch with us"
        },
        {
          "name": "hoverLabel",
          "type": "string",
          "default": "Help"
        },
        {
          "name": "dropdownItems",
          "type": "array",
          "default": "[]"
        }
      ],
      "cssVars": [
        {
          "name": "--footer-bg",
          "default": "#ffffff",
          "type": "color"
        },
        {
          "name": "--footer-text-color",
          "default": "#111827",
          "type": "color"
        },
        {
          "name": "--footer-border",
          "default": "#e5e7eb",
          "type": "color"
        },
        {
          "name": "--button-bg",
          "default": "#4f46e5",
          "type": "color"
        },
        {
          "name": "--button-text",
          "default": "#ffffff",
          "type": "color"
        }
      ]
    },
    {
      "id": "cti-footer-hover",
      "name": "CTI Footer Hover",
      "bundle": "http://localhost:4000/cdn/wc/cti-footer-hover.js",
      "version": "1.0.0",
      "description": "Footer hover variant",
      "props": [
        {
          "name": "label",
          "type": "string",
          "default": "Help"
        }
      ],
      "cssVars": [
        {
          "name": "--hover-bg",
          "default": "#f3f4f6",
          "type": "color"
        }
      ]
    },
    {
      "id": "cti-footer-modal",
      "name": "CTI Footer Modal",
      "bundle": "http://localhost:4000/cdn/wc/cti-footer-modal.js",
      "version": "1.0.0",
      "description": "Footer modal variant",
      "props": [
        {
          "name": "title",
          "type": "string",
          "default": "Contact"
        },
        {
          "name": "body",
          "type": "string",
          "default": ""
        }
      ],
      "cssVars": [
        {
          "name": "--modal-bg",
          "default": "#ffffff",
          "type": "color"
        },
        {
          "name": "--modal-shadow",
          "default": "0 4px 6px rgba(0, 0, 0, 0.1)",
          "type": "string"
        }
      ]
    }
  ],
  "designTokens": {
    "colors": {
      "primary": {
        "value": "#4f46e5",
        "type": "color"
      },
      "secondary": {
        "value": "#f97316",
        "type": "color"
      },
      "success": {
        "value": "#22c55e",
        "type": "color"
      },
      "warning": {
        "value": "#eab308",
        "type": "color"
      },
      "error": {
        "value": "#ef4444",
        "type": "color"
      },
      "background": {
        "value": "#ffffff",
        "type": "color"
      },
      "foreground": {
        "value": "#111827",
        "type": "color"
      },
      "border": {
        "value": "#e5e7eb",
        "type": "color"
      }
    },
    "radius": {
      "none": {
        "value": "0px",
        "type": "dimension"
      },
      "sm": {
        "value": "4px",
        "type": "dimension"
      },
      "md": {
        "value": "8px",
        "type": "dimension"
      },
      "lg": {
        "value": "16px",
        "type": "dimension"
      },
      "full": {
        "value": "9999px",
        "type": "dimension"
      }
    },
    "spacing": {
      "xs": {
        "value": "4px",
        "type": "dimension"
      },
      "sm": {
        "value": "8px",
        "type": "dimension"
      },
      "md": {
        "value": "12px",
        "type": "dimension"
      },
      "lg": {
        "value": "16px",
        "type": "dimension"
      },
      "xl": {
        "value": "24px",
        "type": "dimension"
      }
    }
  }
}
