{
  "version": "1.0.0",
  "registry": [
    {
      "id": "cti-footer",
      "name": "CTI Footer",
      "bundle": "http://localhost:4000/cdn/wc/cti-footer.js",
      "version": "1.0.0",
      "description": "Footer component with modal and hover features",
      "adminOnly": false,
      "props": [
        {
          "name": "mode",
          "type": "string",
          "default": "hover",
          "options": ["hover", "modal"],
          "description": "Behavior mode: hover for tooltip, modal for dialog"
        },
        {
          "name": "buttonText",
          "type": "string",
          "default": "Contact",
          "description": "Text displayed on the button"
        },
        {
          "name": "modalTitle",
          "type": "string",
          "default": "Contact Us",
          "description": "Title shown in modal"
        },
        {
          "name": "modalBody",
          "type": "string",
          "default": "Get in touch with us",
          "description": "Body text in modal"
        },
        {
          "name": "hoverLabel",
          "type": "string",
          "default": "Help",
          "description": "Tooltip text in hover mode"
        },
        {
          "name": "dropdownItems",
          "type": "array",
          "default": "[]",
          "description": "Array of {label, href} objects for footer links"
        }
      ],
      "cssVars": [
        {
          "name": "--footer-bg",
          "description": "Footer background color",
          "default": "#ffffff",
          "type": "color"
        },
        {
          "name": "--footer-text-color",
          "description": "Footer text color",
          "default": "#111827",
          "type": "color"
        },
        {
          "name": "--footer-border",
          "description": "Footer border color",
          "default": "#e5e7eb",
          "type": "color"
        },
        {
          "name": "--button-bg",
          "description": "Button background",
          "default": "#4f46e5",
          "type": "color"
        },
        {
          "name": "--button-text",
          "description": "Button text color",
          "default": "#ffffff",
          "type": "color"
        }
      ],
      "slots": [
        {
          "name": "default",
          "description": "Main footer content"
        }
      ],
      "events": [
        {
          "name": "contact-click",
          "description": "Fired when contact button is clicked"
        }
      ],
      "docs": {
        "adminOnly": true,
        "overview": "The CTI Footer component provides a flexible footer with support for contact modals and hover tooltips.",
        "usage": "<cti-footer mode=\"hover\" buttonText=\"Contact\" hoverLabel=\"Need help?\"></cti-footer>",
        "examples": [
          {
            "title": "Hover Mode",
            "code": "<cti-footer mode=\"hover\" buttonText=\"?\" hoverLabel=\"Click for help\"></cti-footer>"
          },
          {
            "title": "Modal Mode",
            "code": "<cti-footer mode=\"modal\" modalTitle=\"Contact\" modalBody=\"Email: hello@example.com\"></cti-footer>"
          }
        ],
        "accessibility": "Component uses ARIA labels and semantic HTML for accessibility",
        "browserSupport": "All modern browsers with Web Components support"
      }
    },
    {
      "id": "cti-footer-hover",
      "name": "CTI Footer Hover",
      "bundle": "http://localhost:4000/cdn/wc/cti-footer-hover.js",
      "version": "1.0.0",
      "description": "Footer hover variant",
      "adminOnly": false,
      "props": [
        {
          "name": "label",
          "type": "string",
          "default": "Help",
          "description": "Tooltip label"
        }
      ],
      "cssVars": [
        {
          "name": "--hover-bg",
          "description": "Hover background",
          "default": "#f3f4f6",
          "type": "color"
        }
      ],
      "docs": {
        "adminOnly": true,
        "overview": "Specialized hover variant of CTI Footer"
      }
    },
    {
      "id": "cti-footer-modal",
      "name": "CTI Footer Modal",
      "bundle": "http://localhost:4000/cdn/wc/cti-footer-modal.js",
      "version": "1.0.0",
      "description": "Footer modal variant",
      "adminOnly": false,
      "props": [
        {
          "name": "title",
          "type": "string",
          "default": "Contact",
          "description": "Modal title"
        },
        {
          "name": "body",
          "type": "string",
          "default": "",
          "description": "Modal body content"
        }
      ],
      "cssVars": [
        {
          "name": "--modal-bg",
          "description": "Modal background",
          "default": "#ffffff",
          "type": "color"
        },
        {
          "name": "--modal-shadow",
          "description": "Modal shadow",
          "default": "0 4px 6px rgba(0, 0, 0, 0.1)",
          "type": "string"
        }
      ],
      "docs": {
        "adminOnly": true,
        "overview": "Specialized modal variant of CTI Footer"
      }
    },
    {
      "id": "cti-info-card",
      "name": "CTI Info Card",
      "bundle": "http://localhost:4000/cdn/wc/cti-info-card.js",
      "version": "1.0.0",
      "description": "Info card component with optional CTA",
      "adminOnly": false,
      "props": [
        {
          "name": "data-config",
          "type": "string",
          "default": "{}",
          "description": "JSON config: title, description, ctaText, ctaHref, styles"
        }
      ],
      "cssVars": [],
      "docs": {
        "adminOnly": true,
        "overview": "CTI Info Card component"
      }
    }
  ],
  "designTokens": {
    "colors": {
      "primary": {
        "value": "#4f46e5",
        "description": "Primary brand color",
        "type": "color"
      },
      "secondary": {
        "value": "#f97316",
        "description": "Secondary brand color",
        "type": "color"
      },
      "success": {
        "value": "#22c55e",
        "description": "Success state color",
        "type": "color"
      },
      "warning": {
        "value": "#eab308",
        "description": "Warning state color",
        "type": "color"
      },
      "error": {
        "value": "#ef4444",
        "description": "Error state color",
        "type": "color"
      },
      "background": {
        "value": "#ffffff",
        "description": "Background color",
        "type": "color"
      },
      "foreground": {
        "value": "#111827",
        "description": "Text/foreground color",
        "type": "color"
      },
      "border": {
        "value": "#e5e7eb",
        "description": "Border color",
        "type": "color"
      }
    },
    "radius": {
      "none": {
        "value": "0px",
        "description": "No border radius",
        "type": "dimension"
      },
      "sm": {
        "value": "4px",
        "description": "Small border radius",
        "type": "dimension"
      },
      "md": {
        "value": "8px",
        "description": "Medium border radius",
        "type": "dimension"
      },
      "lg": {
        "value": "16px",
        "description": "Large border radius",
        "type": "dimension"
      },
      "full": {
        "value": "9999px",
        "description": "Full/pill border radius",
        "type": "dimension"
      }
    },
    "spacing": {
      "xs": {
        "value": "4px",
        "description": "Extra small spacing",
        "type": "dimension"
      },
      "sm": {
        "value": "8px",
        "description": "Small spacing",
        "type": "dimension"
      },
      "md": {
        "value": "12px",
        "description": "Medium spacing",
        "type": "dimension"
      },
      "lg": {
        "value": "16px",
        "description": "Large spacing",
        "type": "dimension"
      },
      "xl": {
        "value": "24px",
        "description": "Extra large spacing",
        "type": "dimension"
      }
    }
  },
  "overrides": {
    "enabled": true,
    "path": "/api/admin/overrides/[componentId]",
    "description": "Component-specific CSS overrides"
  }
}
