{
  "version": "1.0.0",
  "designTokens": {
    "colors": {
      "primary": {
        "value": "#4f46e5",
        "description": "Primary brand color",
        "type": "color"
      },
      "secondary": {
        "value": "#f97316",
        "description": "Secondary brand color",
        "type": "color"
      },
      "success": {
        "value": "#22c55e",
        "description": "Success state color",
        "type": "color"
      },
      "warning": {
        "value": "#eab308",
        "description": "Warning state color",
        "type": "color"
      },
      "error": {
        "value": "#ef4444",
        "description": "Error state color",
        "type": "color"
      },
      "background": {
        "value": "#ffffff",
        "description": "Background color",
        "type": "color"
      },
      "foreground": {
        "value": "#111827",
        "description": "Text/foreground color",
        "type": "color"
      },
      "border": {
        "value": "#e5e7eb",
        "description": "Border color",
        "type": "color"
      }
    },
    "radius": {
      "none": {
        "value": "0px",
        "description": "No border radius",
        "type": "dimension"
      },
      "sm": {
        "value": "4px",
        "description": "Small border radius",
        "type": "dimension"
      },
      "md": {
        "value": "8px",
        "description": "Medium border radius",
        "type": "dimension"
      },
      "lg": {
        "value": "16px",
        "description": "Large border radius",
        "type": "dimension"
      },
      "full": {
        "value": "9999px",
        "description": "Full/pill border radius",
        "type": "dimension"
      }
    },
    "spacing": {
      "xs": {
        "value": "4px",
        "description": "Extra small spacing",
        "type": "dimension"
      },
      "sm": {
        "value": "8px",
        "description": "Small spacing",
        "type": "dimension"
      },
      "md": {
        "value": "12px",
        "description": "Medium spacing",
        "type": "dimension"
      },
      "lg": {
        "value": "16px",
        "description": "Large spacing",
        "type": "dimension"
      },
      "xl": {
        "value": "24px",
        "description": "Extra large spacing",
        "type": "dimension"
      }
    }
  },
  "components": {
    "footer": {
      "id": "cti-footer-hover",
      "name": "CTI Footer Hover",
      "bundle": "http://localhost:4000/cdn/wc/cti-footer-hover.js",
      "version": "1.0.0",
      "description": "Footer hover variant",
      "props": [
        { "name": "hoverLabel", "type": "string", "default": "Menu" },
        { "name": "buttonText", "type": "string", "default": "Contact" },
        { "name": "modalTitle", "type": "string", "default": "Contact Us" },
        {
          "name": "modalBody",
          "type": "string",
          "default": "Get in touch with us"
        },
        { "name": "dropdownItems", "type": "array", "default": [] }
      ],
      "cssVars": [
        { "name": "--footer-bg", "default": "#ffffff", "type": "color" },
        { "name": "--footer-text", "default": "#111827", "type": "color" },
        { "name": "--footer-btn-bg", "default": "#111827", "type": "color" },
        { "name": "--footer-btn-text", "default": "#ffffff", "type": "color" }
      ],
      "footerConfig": {
        "mode": "hover",
        "buttonText": "hi",
        "modalTitle": "Contact Us1",
        "modalBody": "Write us at support@examplesssss.com",
        "hoverLabel": "123",
        "dropdownItems": [
          { "label": "Impressum", "href": "/impressum" },
          { "label": "Privacy", "href": "/privacy" },
          { "label": "salam", "href": "/google" },
          { "label": "a", "href": "/google" }
        ]
      }
    }
  }
}
